metric,cohort,count,missing_count,min,mean,median,p75,p90,p95,p99,max
mid_repricing_delay_ms,overall,555,1902,2.6027,882.2340124324323,500.1687,1132.7906,2525.4308,3428.0931,4467.6222,4823.5683
executable_repricing_delay_ms,overall,110,2347,114.9011,1666.3111681818182,1341.11585,2495.1265,3437.1235,3889.589,4482.3117,4627.7975
tradable_window_ms,overall,2457,0,0.0,814.2209805046805,52.0266,934.7477,3232.1228,4866.9496,4999.0311,5292.4725
binance_quote_age_ms,overall,2457,0,0.0,35.57894102564103,2.4596,24.2517,59.6113,106.5594,941.8958,1284.2848
polymarket_quote_age_ms,overall,2457,0,0.0,299.75945433455433,0.4141,20.9131,346.8886,1506.1952,6949.3516,17529.1033
mid_repricing_delay_ms,by_quality_tier:A,133,333,5.7631,913.555222556391,438.2129,1145.7298,2749.7433,3927.1663,4437.1847,4606.9279
executable_repricing_delay_ms,by_quality_tier:A,19,447,457.9082,1885.9864631578948,1559.503,2761.7337,3248.5603,3421.4699,4083.8678,4083.8678
tradable_window_ms,by_quality_tier:A,466,0,0.0,1117.7432103004292,271.0172,1607.0403,4096.6719,4950.8894,4999.6123,5107.0974
binance_quote_age_ms,by_quality_tier:A,466,0,0.0,60.326197424892705,12.463149999999999,38.0624,86.0064,204.9635,1128.7099,1226.0204
polymarket_quote_age_ms,by_quality_tier:A,466,0,0.0,11.77629763948498,0.0,1.3019,13.1449,38.1158,297.5892,714.2815
mid_repricing_delay_ms,by_quality_tier:B,373,939,3.6927,894.938018230563,518.8945,1119.0059,2525.4308,3428.0931,4598.3908,4823.5683
executable_repricing_delay_ms,by_quality_tier:B,82,1230,114.9011,1592.2571341463415,1135.5093000000002,2587.5553,3630.2874,3818.2956,4224.3518,4482.3117
tradable_window_ms,by_quality_tier:B,1312,0,0.0,1049.8312318597561,282.78075,1393.3752,4264.6911,4957.8045,4999.4091,5292.4725
binance_quote_age_ms,by_quality_tier:B,1312,0,0.0,41.026620655487804,8.2751,32.8557,69.6442,119.404,941.8958,1284.2848
polymarket_quote_age_ms,by_quality_tier:B,1312,0,0.0,24.432191996951218,0.0,3.5871,24.5059,55.3606,311.9311,3453.526
mid_repricing_delay_ms,by_quality_tier:C,49,110,2.6027,700.5132959183674,465.5825,1039.9301,1528.7515,1959.7446,2721.5535,2721.5535
executable_repricing_delay_ms,by_quality_tier:C,9,150,434.5382,1877.2667444444442,1680.6026,2265.2058,2495.1265,4627.7975,4627.7975,4627.7975
tradable_window_ms,by_quality_tier:C,159,0,0.0,643.3587226415095,228.3977,808.8518,1758.7086,2721.5535,4627.7975,4999.1186
binance_quote_age_ms,by_quality_tier:C,159,0,0.0,34.456124528301885,6.9384,28.5369,67.8658,168.4835,362.59,795.7397
polymarket_quote_age_ms,by_quality_tier:C,159,0,0.0,7.078310062893081,0.0,2.6904,10.4043,22.7962,139.4498,164.5658
mid_repricing_delay_ms,by_quality_tier:D,0,520,,,,,,,,
executable_repricing_delay_ms,by_quality_tier:D,0,520,,,,,,,,
tradable_window_ms,by_quality_tier:D,520,0,0.0,0.0,0.0,0.0,0.0,0.0,0.0,0.0
binance_quote_age_ms,by_quality_tier:D,520,0,0.0,0.0,0.0,0.0,0.0,0.0,0.0,0.0
polymarket_quote_age_ms,by_quality_tier:D,520,0,0.282,1342.001418076923,245.4062,1500.4867,3511.5969,6866.0632,15118.3616,17529.1033
mid_repricing_delay_ms,by_validation_mode:strict,0,0,,,,,,,,
executable_repricing_delay_ms,by_validation_mode:strict,0,0,,,,,,,,
tradable_window_ms,by_validation_mode:strict,0,0,,,,,,,,
binance_quote_age_ms,by_validation_mode:strict,0,0,,,,,,,,
polymarket_quote_age_ms,by_validation_mode:strict,0,0,,,,,,,,
mid_repricing_delay_ms,by_validation_mode:tolerant,555,1902,2.6027,882.2340124324323,500.1687,1132.7906,2525.4308,3428.0931,4467.6222,4823.5683
executable_repricing_delay_ms,by_validation_mode:tolerant,110,2347,114.9011,1666.3111681818182,1341.11585,2495.1265,3437.1235,3889.589,4482.3117,4627.7975
tradable_window_ms,by_validation_mode:tolerant,2457,0,0.0,814.2209805046805,52.0266,934.7477,3232.1228,4866.9496,4999.0311,5292.4725
binance_quote_age_ms,by_validation_mode:tolerant,2457,0,0.0,35.57894102564103,2.4596,24.2517,59.6113,106.5594,941.8958,1284.2848
polymarket_quote_age_ms,by_validation_mode:tolerant,2457,0,0.0,299.75945433455433,0.4141,20.9131,346.8886,1506.1952,6949.3516,17529.1033
mid_repricing_delay_ms,by_validation_mode:diagnostic,0,0,,,,,,,,
executable_repricing_delay_ms,by_validation_mode:diagnostic,0,0,,,,,,,,
tradable_window_ms,by_validation_mode:diagnostic,0,0,,,,,,,,
binance_quote_age_ms,by_validation_mode:diagnostic,0,0,,,,,,,,
polymarket_quote_age_ms,by_validation_mode:diagnostic,0,0,,,,,,,,
mid_repricing_delay_ms,by_validation_mode:unknown,0,0,,,,,,,,
executable_repricing_delay_ms,by_validation_mode:unknown,0,0,,,,,,,,
tradable_window_ms,by_validation_mode:unknown,0,0,,,,,,,,
binance_quote_age_ms,by_validation_mode:unknown,0,0,,,,,,,,
polymarket_quote_age_ms,by_validation_mode:unknown,0,0,,,,,,,,
mid_repricing_delay_ms,by_symbol:BTCUSDT,232,778,3.6927,900.3201366379311,489.19375,1094.4479,2614.4974,3895.8577,4437.1847,4780.1778
executable_repricing_delay_ms,by_symbol:BTCUSDT,32,978,114.9011,2064.95890625,1896.6687499999998,3166.8319,3437.1235,3694.9296,4083.8678,4083.8678
tradable_window_ms,by_symbol:BTCUSDT,1010,0,0.0,851.3871082178218,72.3424,1034.4387,3428.3046,4866.9496,4999.734,5125.9486
binance_quote_age_ms,by_symbol:BTCUSDT,1010,0,0.0,36.33181603960396,4.2582,25.8975,59.0277,97.7387,1009.2148,1226.0204
polymarket_quote_age_ms,by_symbol:BTCUSDT,1010,0,0.0,151.62593336633665,0.0,11.689,237.1549,1089.1792,2517.8507,9969.2559
mid_repricing_delay_ms,by_symbol:ETHUSDT,323,1124,2.6027,869.2433597523219,506.6196,1135.4554,2388.778,3172.9608,4598.3908,4823.5683
executable_repricing_delay_ms,by_symbol:ETHUSDT,78,1369,147.0971,1502.7633782051282,1100.713,1929.792,3433.4681,3818.2956,4482.3117,4627.7975
tradable_window_ms,by_symbol:ETHUSDT,1447,0,0.0,788.279177470629,28.2927,887.0185,3046.9332,4893.7247,4996.2916,5292.4725
binance_quote_age_ms,by_symbol:ETHUSDT,1447,0,0.0,35.053437387698686,1.4216,23.1277,59.6636,113.9599,795.7397,1284.2848
polymarket_quote_age_ms,by_symbol:ETHUSDT,1447,0,0.0,403.1560377332412,1.1331,30.4042,576.3421,1973.0415,11054.7262,17529.1033
mid_repricing_delay_ms,by_direction:DOWN,302,994,3.6927,867.9243658940397,473.4252,1070.5623,2287.4138,3401.5982,4606.9279,4823.5683
executable_repricing_delay_ms,by_direction:DOWN,60,1236,114.9011,1557.4141433333332,1262.8344499999998,1965.5511,3248.5603,3718.086,4083.8678,4482.3117
tradable_window_ms,by_direction:DOWN,1296,0,0.0,801.5675585648148,32.14905,890.449,3222.6798,4893.7247,4996.8651,5292.4725
binance_quote_age_ms,by_direction:DOWN,1296,0,0.0,30.340341820987653,1.48125,22.9563,56.2817,94.3371,660.5777,1136.1646
polymarket_quote_age_ms,by_direction:DOWN,1296,0,0.0,409.83873086419754,0.7597,35.0929,998.3739,2031.6564,9864.5799,16618.6325
mid_repricing_delay_ms,by_direction:UP,253,908,2.6027,899.3150924901187,506.6196,1223.6857,2525.4308,3588.7878,4217.94,4701.3111
executable_repricing_delay_ms,by_direction:UP,50,1111,147.0971,1796.987598,1423.3204,2761.7337,3694.9296,3891.3313,4627.7975,4627.7975
tradable_window_ms,by_direction:UP,1161,0,0.0,828.3457305770887,68.9575,975.0116,3252.6785,4850.71,4999.3591,5125.9486
binance_quote_age_ms,by_direction:UP,1161,0,0.0,41.42667967269595,3.5972,25.6705,66.1679,117.8251,1002.5112,1284.2848
polymarket_quote_age_ms,by_direction:UP,1161,0,0.0,176.88026192937124,0.0,12.4351,134.3258,826.2469,3068.7988,17529.1033
mid_repricing_delay_ms,by_duration_minutes:15,261,632,9.1692,1055.656224137931,590.5732,1395.3155,2758.7679,4020.9972,4598.3908,4823.5683
executable_repricing_delay_ms,by_duration_minutes:15,64,829,147.0971,1856.09405,1551.67945,2761.7337,3437.1235,3796.4189,3891.3313,4224.3518
tradable_window_ms,by_duration_minutes:15,893,0,0.0,1399.121982194849,522.7418,2287.347,4924.1123,4989.2149,4999.9347,5292.4725
binance_quote_age_ms,by_duration_minutes:15,893,0,0.0,51.819576147816356,6.6305,29.3882,77.5679,146.7588,1056.1535,1226.0204
polymarket_quote_age_ms,by_duration_minutes:15,893,0,0.0,228.3081940649496,0.0,12.9364,199.7172,1021.733,3898.048,15118.3616
mid_repricing_delay_ms,by_duration_minutes:5,294,1270,2.6027,728.2775591836735,353.55600000000004,953.4254,1897.948,2760.556,4190.3384,4780.1778
executable_repricing_delay_ms,by_duration_minutes:5,46,1518,114.9011,1402.2654195652174,990.7302500000001,1747.6328,3421.4699,4083.8678,4627.7975,4627.7975
tradable_window_ms,by_duration_minutes:5,1564,0,0.0,480.2589635549872,0.0,424.0805,1561.7996,2823.224,4972.8296,5125.9486
binance_quote_age_ms,by_duration_minutes:5,1564,0,0.0,26.3059952685422,0.0,21.4102,52.995,90.7121,408.6291,1284.2848
polymarket_quote_age_ms,by_duration_minutes:5,1564,0,0.0,340.5561138107417,0.72385,25.623,536.904,1519.8539,7671.8811,17529.1033
mid_repricing_delay_ms,by_reject_stage:none,110,0,15.2649,943.3450472727272,523.31915,1331.9153,2559.873,3404.2088,3895.8577,4187.2508
executable_repricing_delay_ms,by_reject_stage:none,110,0,114.9011,1666.3111681818182,1341.11585,2495.1265,3437.1235,3889.589,4482.3117,4627.7975
tradable_window_ms,by_reject_stage:none,110,0,114.9011,1666.3111681818182,1341.11585,2495.1265,3437.1235,3889.589,4482.3117,4627.7975
binance_quote_age_ms,by_reject_stage:none,110,0,0.5332,66.07600545454545,24.78105,49.4757,107.593,292.7203,781.3403,884.7942
polymarket_quote_age_ms,by_reject_stage:none,110,0,0.0,0.0,0.0,0.0,0.0,0.0,0.0,0.0
mid_repricing_delay_ms,by_reject_stage:pre_entry,0,1113,,,,,,,,
executable_repricing_delay_ms,by_reject_stage:pre_entry,0,1113,,,,,,,,
tradable_window_ms,by_reject_stage:pre_entry,1113,0,0.0,0.0,0.0,0.0,0.0,0.0,0.0,0.0
binance_quote_age_ms,by_reject_stage:pre_entry,1113,0,0.0,0.0,0.0,0.0,0.0,0.0,0.0,0.0
polymarket_quote_age_ms,by_reject_stage:pre_entry,1113,0,0.1262,647.7293619946091,17.0343,212.6112,1513.6232,3068.7988,12558.9198,17529.1033
mid_repricing_delay_ms,by_reject_stage:timeout,47,100,11.6619,1890.7566978723403,1102.9524,3401.5982,4200.0059,4701.3111,4823.5683,4823.5683
executable_repricing_delay_ms,by_reject_stage:timeout,0,147,,,,,,,,
tradable_window_ms,by_reject_stage:timeout,147,0,2502.9964,4911.9113374149665,4979.5002,4995.8938,4999.6333,5000.1125,5125.9486,5292.4725
binance_quote_age_ms,by_reject_stage:timeout,147,0,0.0,63.77586598639456,13.338,51.3574,119.3608,315.8091,857.3353,1162.2261
polymarket_quote_age_ms,by_reject_stage:timeout,147,0,0.0,106.02856734693877,29.4125,105.2691,280.463,343.6247,1569.2729,2497.0783
mid_repricing_delay_ms,by_reject_stage:window,398,689,2.6027,746.2471278894473,416.83775,953.4254,1839.4474,2725.4741,4326.5416,4780.1778
executable_repricing_delay_ms,by_reject_stage:window,0,1087,,,,,,,,
tradable_window_ms,by_reject_stage:window,1087,0,0.7495,1007.5397920883164,547.2427,1404.9654,2749.7433,3740.2023,4721.3194,4919.5879
binance_quote_age_ms,by_reject_stage:window,1087,0,0.4011,65.10951720331187,21.4102,47.1181,94.3371,231.4804,1056.1535,1284.2848
polymarket_quote_age_ms,by_reject_stage:window,1087,0,0.0,0.0,0.0,0.0,0.0,0.0,0.0,0.0
